{
  "slug": "FrequencyDomain",
  "name": "Frequency Domain",
  "version": "1.5.5",
  "license": "Proprietary",
  "brand": "Frequency Domain",
	"author": "almostEric and JerrySV",
  "authorEmail": "almostEric@frozenwastelandmodules.com",
	"manualUrl": "https://github.com/almostEric/Frequency-Domain-Manual/blob/master/README.md",
	"donateUrl": "https://paypal.me/FrozenWasteland",
	"changelogUrl": "https://github.com/almostEric/Frequency-Domain-Manual/blob/master/CHANGELOG.md",

  "modules": [
    {
      "slug": "HarmonicConvergence",
      "name": "Harmonic Convergence",
      "description": "Resynthesis Engine",
      "tags": [
        "Synth voice"
      ]
    },
    {
      "slug": "FreudianSlip",
      "name": "Freudian Slip",
      "description": "Resynthesizing Sampler",
      "tags": [
        "Synth voice","Sampler"
      ]
    },
    {
      "slug": "DelayedReaction",
      "name": "Delayed Reaction",
      "description": "Spectrum based delay",
      "tags": [
        "Delay"
      ]
    },
    {
      "slug": "Morphology",
      "name": "Morphology",
      "description": "Spectral Morpher",
      "tags": [
        "Vocoder","Effect"
      ]
    },
    {
      "slug": "GrainsOfWrath",
      "name": "Grains Of Wrath",
      "description": "Spewer of Grains",
      "tags": [
        "Sampler","Effect"
      ]
    }
  ]
}
